{"cameraMode":{"drawMode":0,"name":"Shaded","section":"Shading Mode"},"sceneLighting":false,"audioPlay":false,"sceneViewState":{"showFog":true,"showMaterialUpdate":false,"showSkybox":true,"showFlares":true,"showImageEffects":true,"showParticleSystems":true},"in2DMode":false,"pivot":{"x":-17.14105224609375,"y":-2.812483072280884,"z":0.8805097937583923},"rotation":{"x":-0.14809280633926392,"y":0.7233339548110962,"z":-0.163728266954422,"w":-0.6542550325393677},"size":10.417633056640625,"orthographic":false}