{"cameraMode":{"drawMode":0,"name":"Shaded","section":"Shading Mode"},"sceneLighting":false,"audioPlay":false,"sceneViewState":{"showFog":true,"showMaterialUpdate":false,"showSkybox":true,"showFlares":true,"showImageEffects":true,"showParticleSystems":true},"in2DMode":false,"pivot":{"x":-7.329999923706055,"y":3.8299999237060549,"z":1.3300000429153443},"rotation":{"x":-0.06705334037542343,"y":0.26464495062828066,"z":-0.01844935119152069,"w":-0.9618350267410278},"size":15.887336730957032,"orthographic":true}