{"cameraMode":{"drawMode":0,"name":"Shaded","section":"Shading Mode"},"sceneLighting":false,"audioPlay":false,"sceneViewState":{"showFog":true,"showMaterialUpdate":false,"showSkybox":true,"showFlares":true,"showImageEffects":true,"showParticleSystems":true},"in2DMode":false,"pivot":{"x":-11.396045684814454,"y":5.249480247497559,"z":-13.663894653320313},"rotation":{"x":-0.1617569774389267,"y":0.7081926465034485,"z":-0.1721821427345276,"w":-0.6653203964233398},"size":15.326850891113282,"orthographic":false}