{"cameraMode":{"drawMode":0,"name":"Shaded","section":"Shading Mode"},"sceneLighting":false,"audioPlay":false,"sceneViewState":{"showFog":true,"showMaterialUpdate":false,"showSkybox":true,"showFlares":true,"showImageEffects":true,"showParticleSystems":true},"in2DMode":false,"pivot":{"x":-16.04812240600586,"y":-2.3282580375671388,"z":2.9692695140838625},"rotation":{"x":-0.2244863212108612,"y":0.3257133960723877,"z":-0.07991543412208557,"w":-0.9149482250213623},"size":13.806947708129883,"orthographic":true}