{"cameraMode":{"drawMode":0,"name":"Shaded","section":"Shading Mode"},"sceneLighting":false,"audioPlay":false,"sceneViewState":{"showFog":true,"showMaterialUpdate":false,"showSkybox":true,"showFlares":true,"showImageEffects":true,"showParticleSystems":true},"in2DMode":false,"pivot":{"x":-7.539999961853027,"y":-0.9399995803833008,"z":0.0},"rotation":{"x":-0.11596932262182236,"y":0.4292086660861969,"z":-0.05567817762494087,"w":-0.8939971923828125},"size":2.8578836917877199,"orthographic":false}