{"cameraMode":{"drawMode":0,"name":"Shaded","section":"Shading Mode"},"sceneLighting":true,"audioPlay":false,"sceneViewState":{"showFog":true,"showMaterialUpdate":false,"showSkybox":true,"showFlares":true,"showImageEffects":true,"showParticleSystems":true},"in2DMode":false,"pivot":{"x":-11.002693176269532,"y":6.847850799560547,"z":11.995285034179688},"rotation":{"x":-0.10341794788837433,"y":0.38659217953681948,"z":-0.043677229434251788,"w":-0.9153926372528076},"size":27.256505966186525,"orthographic":false}