{"cameraMode":{"drawMode":0,"name":"Shaded","section":"Shading Mode"},"sceneLighting":false,"audioPlay":false,"sceneViewState":{"showFog":true,"showMaterialUpdate":false,"showSkybox":true,"showFlares":true,"showImageEffects":true,"showParticleSystems":true},"in2DMode":false,"pivot":{"x":-14.582684516906739,"y":8.479999542236329,"z":3.5},"rotation":{"x":-0.10531643033027649,"y":-0.8788490295410156,"z":0.22825083136558534,"w":-0.4055051803588867},"size":43.017086029052737,"orthographic":false}