{"cameraMode":{"drawMode":0,"name":"Shaded","section":"Shading Mode"},"sceneLighting":false,"audioPlay":false,"sceneViewState":{"showFog":true,"showMaterialUpdate":false,"showSkybox":true,"showFlares":true,"showImageEffects":true,"showParticleSystems":true},"in2DMode":false,"pivot":{"x":-7.945000648498535,"y":-1.190000057220459,"z":0.9700000882148743},"rotation":{"x":0.17802485823631288,"y":-0.6869985461235046,"z":0.17952387034893037,"w":0.6812571287155151},"size":27.328113555908204,"orthographic":false}