{"cameraMode":{"drawMode":0,"name":"Shaded","section":"Shading Mode"},"sceneLighting":false,"audioPlay":false,"sceneViewState":{"showFog":true,"showMaterialUpdate":false,"showSkybox":true,"showFlares":true,"showImageEffects":true,"showParticleSystems":true},"in2DMode":false,"pivot":{"x":2.369999885559082,"y":11.970000267028809,"z":5.867152690887451},"rotation":{"x":-0.21221314370632173,"y":0.5807167887687683,"z":-0.16015645861625672,"w":-0.7694696187973023},"size":44.49215316772461,"orthographic":false}