{"cameraMode":{"drawMode":0,"name":"Shaded","section":"Shading Mode"},"sceneLighting":false,"audioPlay":false,"sceneViewState":{"showFog":true,"showMaterialUpdate":false,"showSkybox":true,"showFlares":true,"showImageEffects":true,"showParticleSystems":true},"in2DMode":false,"pivot":{"x":-14.582684516906739,"y":8.479999542236329,"z":3.5},"rotation":{"x":-0.09049132466316223,"y":-0.6321393847465515,"z":0.07468517124652863,"w":-0.7659198641777039},"size":12.542521476745606,"orthographic":false}